"rep","N","failed","ok_rate_inner"
1,413,FALSE,1
2,500,FALSE,1
3,475,FALSE,1
4,442,FALSE,1
5,306,FALSE,1
6,381,FALSE,1
7,444,FALSE,1
8,423,FALSE,1
9,310,FALSE,1
10,369,FALSE,1
11,321,FALSE,1
12,292,FALSE,1
13,244,FALSE,1
14,340,FALSE,1
15,406,FALSE,1
16,372,FALSE,1
17,362,FALSE,1
18,442,FALSE,1
19,345,FALSE,1
20,410,FALSE,1
21,378,FALSE,1
22,577,FALSE,1
23,337,FALSE,1
24,392,FALSE,1
25,487,FALSE,1
26,388,FALSE,1
27,387,FALSE,1
28,377,FALSE,1
29,366,FALSE,1
30,300,FALSE,1
31,512,FALSE,1
32,448,FALSE,1
33,400,FALSE,1
34,274,FALSE,1
35,407,FALSE,1
36,440,FALSE,1
37,350,FALSE,1
38,283,FALSE,1
39,341,FALSE,1
40,230,FALSE,1
41,421,FALSE,1
42,476,FALSE,1
43,447,FALSE,1
44,256,FALSE,1
45,293,FALSE,1
46,282,FALSE,1
47,263,FALSE,1
48,253,FALSE,1
49,391,FALSE,1
50,362,FALSE,1
